<?xml version="1.0" encoding="UTF-8"?>
<root>
  <item name="com.google.android.exoplayer2.text.CaptionStyleCompat CaptionStyleCompat(int, int, int, int, int, android.graphics.Typeface) 3">
    <annotation name="android.support.annotation.IntDef">
      <val name="value" val="{com.google.android.exoplayer2.text.CaptionStyleCompat.EDGE_TYPE_NONE, com.google.android.exoplayer2.text.CaptionStyleCompat.EDGE_TYPE_OUTLINE, com.google.android.exoplayer2.text.CaptionStyleCompat.EDGE_TYPE_DROP_SHADOW, com.google.android.exoplayer2.text.CaptionStyleCompat.EDGE_TYPE_RAISED, com.google.android.exoplayer2.text.CaptionStyleCompat.EDGE_TYPE_DEPRESSED}" />
    </annotation>
  </item>
  <item name="com.google.android.exoplayer2.text.CaptionStyleCompat edgeType">
    <annotation name="android.support.annotation.IntDef">
      <val name="value" val="{com.google.android.exoplayer2.text.CaptionStyleCompat.EDGE_TYPE_NONE, com.google.android.exoplayer2.text.CaptionStyleCompat.EDGE_TYPE_OUTLINE, com.google.android.exoplayer2.text.CaptionStyleCompat.EDGE_TYPE_DROP_SHADOW, com.google.android.exoplayer2.text.CaptionStyleCompat.EDGE_TYPE_RAISED, com.google.android.exoplayer2.text.CaptionStyleCompat.EDGE_TYPE_DEPRESSED}" />
    </annotation>
  </item>
  <item name="com.google.android.exoplayer2.text.CaptionStyleCompat.EdgeType">
    <annotation name="android.support.annotation.IntDef">
      <val name="value" val="{com.google.android.exoplayer2.text.CaptionStyleCompat.EDGE_TYPE_NONE, com.google.android.exoplayer2.text.CaptionStyleCompat.EDGE_TYPE_OUTLINE, com.google.android.exoplayer2.text.CaptionStyleCompat.EDGE_TYPE_DROP_SHADOW, com.google.android.exoplayer2.text.CaptionStyleCompat.EDGE_TYPE_RAISED, com.google.android.exoplayer2.text.CaptionStyleCompat.EDGE_TYPE_DEPRESSED}" />
    </annotation>
  </item>
  <item name="com.google.android.exoplayer2.text.Cue Cue(java.lang.CharSequence, android.text.Layout.Alignment, float, int, int, float, int, float) 3">
    <annotation name="android.support.annotation.IntDef">
      <val name="value" val="{com.google.android.exoplayer2.text.Cue.TYPE_UNSET, com.google.android.exoplayer2.text.Cue.LINE_TYPE_FRACTION, com.google.android.exoplayer2.text.Cue.LINE_TYPE_NUMBER}" />
    </annotation>
  </item>
  <item name="com.google.android.exoplayer2.text.Cue Cue(java.lang.CharSequence, android.text.Layout.Alignment, float, int, int, float, int, float) 4">
    <annotation name="android.support.annotation.IntDef">
      <val name="value" val="{com.google.android.exoplayer2.text.Cue.TYPE_UNSET, com.google.android.exoplayer2.text.Cue.ANCHOR_TYPE_START, com.google.android.exoplayer2.text.Cue.ANCHOR_TYPE_MIDDLE, com.google.android.exoplayer2.text.Cue.ANCHOR_TYPE_END}" />
    </annotation>
  </item>
  <item name="com.google.android.exoplayer2.text.Cue Cue(java.lang.CharSequence, android.text.Layout.Alignment, float, int, int, float, int, float) 6">
    <annotation name="android.support.annotation.IntDef">
      <val name="value" val="{com.google.android.exoplayer2.text.Cue.TYPE_UNSET, com.google.android.exoplayer2.text.Cue.ANCHOR_TYPE_START, com.google.android.exoplayer2.text.Cue.ANCHOR_TYPE_MIDDLE, com.google.android.exoplayer2.text.Cue.ANCHOR_TYPE_END}" />
    </annotation>
  </item>
  <item name="com.google.android.exoplayer2.text.Cue lineAnchor">
    <annotation name="android.support.annotation.IntDef">
      <val name="value" val="{com.google.android.exoplayer2.text.Cue.TYPE_UNSET, com.google.android.exoplayer2.text.Cue.ANCHOR_TYPE_START, com.google.android.exoplayer2.text.Cue.ANCHOR_TYPE_MIDDLE, com.google.android.exoplayer2.text.Cue.ANCHOR_TYPE_END}" />
    </annotation>
  </item>
  <item name="com.google.android.exoplayer2.text.Cue lineType">
    <annotation name="android.support.annotation.IntDef">
      <val name="value" val="{com.google.android.exoplayer2.text.Cue.TYPE_UNSET, com.google.android.exoplayer2.text.Cue.LINE_TYPE_FRACTION, com.google.android.exoplayer2.text.Cue.LINE_TYPE_NUMBER}" />
    </annotation>
  </item>
  <item name="com.google.android.exoplayer2.text.Cue positionAnchor">
    <annotation name="android.support.annotation.IntDef">
      <val name="value" val="{com.google.android.exoplayer2.text.Cue.TYPE_UNSET, com.google.android.exoplayer2.text.Cue.ANCHOR_TYPE_START, com.google.android.exoplayer2.text.Cue.ANCHOR_TYPE_MIDDLE, com.google.android.exoplayer2.text.Cue.ANCHOR_TYPE_END}" />
    </annotation>
  </item>
  <item name="com.google.android.exoplayer2.text.Cue.AnchorType">
    <annotation name="android.support.annotation.IntDef">
      <val name="value" val="{com.google.android.exoplayer2.text.Cue.TYPE_UNSET, com.google.android.exoplayer2.text.Cue.ANCHOR_TYPE_START, com.google.android.exoplayer2.text.Cue.ANCHOR_TYPE_MIDDLE, com.google.android.exoplayer2.text.Cue.ANCHOR_TYPE_END}" />
    </annotation>
  </item>
  <item name="com.google.android.exoplayer2.text.Cue.LineType">
    <annotation name="android.support.annotation.IntDef">
      <val name="value" val="{com.google.android.exoplayer2.text.Cue.TYPE_UNSET, com.google.android.exoplayer2.text.Cue.LINE_TYPE_FRACTION, com.google.android.exoplayer2.text.Cue.LINE_TYPE_NUMBER}" />
    </annotation>
  </item>
</root>

