<?xml version="1.0" encoding="UTF-8"?>
<root>
  <item name="com.google.android.exoplayer2.extractor.mp4.AtomParsers.StsdData requiredSampleTransformation">
    <annotation name="android.support.annotation.IntDef">
      <val name="value" val="{com.google.android.exoplayer2.extractor.mp4.Track.TRANSFORMATION_NONE, com.google.android.exoplayer2.extractor.mp4.Track.TRANSFORMATION_CEA608_CDAT}" />
    </annotation>
  </item>
  <item name="com.google.android.exoplayer2.extractor.mp4.FragmentedMp4Extractor FragmentedMp4Extractor(int, com.google.android.exoplayer2.extractor.TimestampAdjuster) 0">
    <annotation name="android.support.annotation.IntDef">
      <val name="flag" val="true" />
      <val name="value" val="{com.google.android.exoplayer2.extractor.mp4.FragmentedMp4Extractor.FLAG_WORKAROUND_EVERY_VIDEO_FRAME_IS_SYNC_FRAME, com.google.android.exoplayer2.extractor.mp4.FragmentedMp4Extractor.FLAG_WORKAROUND_IGNORE_TFDT_BOX, com.google.android.exoplayer2.extractor.mp4.FragmentedMp4Extractor.FLAG_SIDELOADED}" />
    </annotation>
  </item>
  <item name="com.google.android.exoplayer2.extractor.mp4.FragmentedMp4Extractor FragmentedMp4Extractor(int, com.google.android.exoplayer2.extractor.mp4.Track, com.google.android.exoplayer2.extractor.TimestampAdjuster) 0">
    <annotation name="android.support.annotation.IntDef">
      <val name="flag" val="true" />
      <val name="value" val="{com.google.android.exoplayer2.extractor.mp4.FragmentedMp4Extractor.FLAG_WORKAROUND_EVERY_VIDEO_FRAME_IS_SYNC_FRAME, com.google.android.exoplayer2.extractor.mp4.FragmentedMp4Extractor.FLAG_WORKAROUND_IGNORE_TFDT_BOX, com.google.android.exoplayer2.extractor.mp4.FragmentedMp4Extractor.FLAG_SIDELOADED}" />
    </annotation>
  </item>
  <item name="com.google.android.exoplayer2.extractor.mp4.FragmentedMp4Extractor flags">
    <annotation name="android.support.annotation.IntDef">
      <val name="flag" val="true" />
      <val name="value" val="{com.google.android.exoplayer2.extractor.mp4.FragmentedMp4Extractor.FLAG_WORKAROUND_EVERY_VIDEO_FRAME_IS_SYNC_FRAME, com.google.android.exoplayer2.extractor.mp4.FragmentedMp4Extractor.FLAG_WORKAROUND_IGNORE_TFDT_BOX, com.google.android.exoplayer2.extractor.mp4.FragmentedMp4Extractor.FLAG_SIDELOADED}" />
    </annotation>
  </item>
  <item name="com.google.android.exoplayer2.extractor.mp4.FragmentedMp4Extractor int parseTrun(com.google.android.exoplayer2.extractor.mp4.FragmentedMp4Extractor.TrackBundle, int, long, int, com.google.android.exoplayer2.util.ParsableByteArray, int) 3">
    <annotation name="android.support.annotation.IntDef">
      <val name="flag" val="true" />
      <val name="value" val="{com.google.android.exoplayer2.extractor.mp4.FragmentedMp4Extractor.FLAG_WORKAROUND_EVERY_VIDEO_FRAME_IS_SYNC_FRAME, com.google.android.exoplayer2.extractor.mp4.FragmentedMp4Extractor.FLAG_WORKAROUND_IGNORE_TFDT_BOX, com.google.android.exoplayer2.extractor.mp4.FragmentedMp4Extractor.FLAG_SIDELOADED}" />
    </annotation>
  </item>
  <item name="com.google.android.exoplayer2.extractor.mp4.FragmentedMp4Extractor void parseMoof(com.google.android.exoplayer2.extractor.mp4.Atom.ContainerAtom, android.util.SparseArray&lt;com.google.android.exoplayer2.extractor.mp4.FragmentedMp4Extractor.TrackBundle&gt;, int, byte[]) 2">
    <annotation name="android.support.annotation.IntDef">
      <val name="flag" val="true" />
      <val name="value" val="{com.google.android.exoplayer2.extractor.mp4.FragmentedMp4Extractor.FLAG_WORKAROUND_EVERY_VIDEO_FRAME_IS_SYNC_FRAME, com.google.android.exoplayer2.extractor.mp4.FragmentedMp4Extractor.FLAG_WORKAROUND_IGNORE_TFDT_BOX, com.google.android.exoplayer2.extractor.mp4.FragmentedMp4Extractor.FLAG_SIDELOADED}" />
    </annotation>
  </item>
  <item name="com.google.android.exoplayer2.extractor.mp4.FragmentedMp4Extractor void parseTraf(com.google.android.exoplayer2.extractor.mp4.Atom.ContainerAtom, android.util.SparseArray&lt;com.google.android.exoplayer2.extractor.mp4.FragmentedMp4Extractor.TrackBundle&gt;, int, byte[]) 2">
    <annotation name="android.support.annotation.IntDef">
      <val name="flag" val="true" />
      <val name="value" val="{com.google.android.exoplayer2.extractor.mp4.FragmentedMp4Extractor.FLAG_WORKAROUND_EVERY_VIDEO_FRAME_IS_SYNC_FRAME, com.google.android.exoplayer2.extractor.mp4.FragmentedMp4Extractor.FLAG_WORKAROUND_IGNORE_TFDT_BOX, com.google.android.exoplayer2.extractor.mp4.FragmentedMp4Extractor.FLAG_SIDELOADED}" />
    </annotation>
  </item>
  <item name="com.google.android.exoplayer2.extractor.mp4.FragmentedMp4Extractor void parseTruns(com.google.android.exoplayer2.extractor.mp4.Atom.ContainerAtom, com.google.android.exoplayer2.extractor.mp4.FragmentedMp4Extractor.TrackBundle, long, int) 3">
    <annotation name="android.support.annotation.IntDef">
      <val name="flag" val="true" />
      <val name="value" val="{com.google.android.exoplayer2.extractor.mp4.FragmentedMp4Extractor.FLAG_WORKAROUND_EVERY_VIDEO_FRAME_IS_SYNC_FRAME, com.google.android.exoplayer2.extractor.mp4.FragmentedMp4Extractor.FLAG_WORKAROUND_IGNORE_TFDT_BOX, com.google.android.exoplayer2.extractor.mp4.FragmentedMp4Extractor.FLAG_SIDELOADED}" />
    </annotation>
  </item>
  <item name="com.google.android.exoplayer2.extractor.mp4.FragmentedMp4Extractor.Flags">
    <annotation name="android.support.annotation.IntDef">
      <val name="flag" val="true" />
      <val name="value" val="{com.google.android.exoplayer2.extractor.mp4.FragmentedMp4Extractor.FLAG_WORKAROUND_EVERY_VIDEO_FRAME_IS_SYNC_FRAME, com.google.android.exoplayer2.extractor.mp4.FragmentedMp4Extractor.FLAG_WORKAROUND_IGNORE_TFDT_BOX, com.google.android.exoplayer2.extractor.mp4.FragmentedMp4Extractor.FLAG_SIDELOADED}" />
    </annotation>
  </item>
  <item name="com.google.android.exoplayer2.extractor.mp4.Track Track(int, int, long, long, long, com.google.android.exoplayer2.Format, int, com.google.android.exoplayer2.extractor.mp4.TrackEncryptionBox[], int, long[], long[]) 6">
    <annotation name="android.support.annotation.IntDef">
      <val name="value" val="{com.google.android.exoplayer2.extractor.mp4.Track.TRANSFORMATION_NONE, com.google.android.exoplayer2.extractor.mp4.Track.TRANSFORMATION_CEA608_CDAT}" />
    </annotation>
  </item>
  <item name="com.google.android.exoplayer2.extractor.mp4.Track sampleTransformation">
    <annotation name="android.support.annotation.IntDef">
      <val name="value" val="{com.google.android.exoplayer2.extractor.mp4.Track.TRANSFORMATION_NONE, com.google.android.exoplayer2.extractor.mp4.Track.TRANSFORMATION_CEA608_CDAT}" />
    </annotation>
  </item>
  <item name="com.google.android.exoplayer2.extractor.mp4.Track.Transformation">
    <annotation name="android.support.annotation.IntDef">
      <val name="value" val="{com.google.android.exoplayer2.extractor.mp4.Track.TRANSFORMATION_NONE, com.google.android.exoplayer2.extractor.mp4.Track.TRANSFORMATION_CEA608_CDAT}" />
    </annotation>
  </item>
</root>

